section,source,title,link,summary,published
ai,Google News (AI topic),Impacts of artificial intelligence (AI) in teaching and learning of built environment students in a developing country - Taylor & Francis Online,https://news.google.com/rss/articles/CBMic0FVX3lxTE84LUl2Ulp2aVFFdVRtclJiTFY2bm5SaHBVM2pJNkF4ZzhtRkN5ZUZKaUY0bC1qM0ZjbTl1cVFyWjZEUVNFeXVsb2RiY0gwdEZRU0lQdlJBYjhyb2JBdkgxU2NpZDdiY2JJeS1wTWdLdjQtQVk?oc=5,Impacts of artificial intelligence (AI) in teaching and learning of built environment students in a developing country Taylor & Francis Online Impacts of artificial intelligence (AI) in teaching and learning of built environment students in a developing country Taylor & Francis Online,2025-10-25T03:52:55+00:00
world,NYT Home/Top,"U.S. Imposes Sanctions on Colombia‚Äôs Leader, One of Trump‚Äôs Harshest Critics",https://www.nytimes.com/2025/10/24/world/americas/us-sanctions-colombia-president-petro-drugs.html,The United States Treasury Department accused President Gustavo Petro of allowing drug trafficking to flourish.,2025-10-25T03:50:55+00:00
world,NYT Home/Top,Trump Administration Plans a Shake-Up at ICE to Speed Deportations,https://www.nytimes.com/2025/10/24/us/politics/trump-deportations-ice.html,"The preliminary plan stems from frustration over the pace of the deportations, which are lagging behind President Trump‚Äôs demands.",2025-10-25T03:33:21+00:00
world,NYT Home/Top,"Amid the Rubble of the East Wing, Lessons in How Trump Exercises Power",https://www.nytimes.com/2025/10/24/us/politics/east-wing-trump-power.html,"From the first day of his second term, President Trump has taken an ends-justify-the-means approach to his presidency.",2025-10-25T03:22:52+00:00
world,NYT Home/Top,"Sirikit, Glamorous Former Queen of Thailand Who Wielded Power, Dies at 93",https://www.nytimes.com/2025/10/24/world/asia/queen-sirikit-thailand-dead.html,"As the wife of King Bhumibol Adulyadej, she traveled the world charming government leaders and the public.",2025-10-25T02:39:23+00:00
us,NYT U.S.,"J. William Middendorf II, 101, Dies; Navy Secretary and Musical Diplomat",https://www.nytimes.com/2025/10/24/us/politics/j-william-middendorf-ii-dead.html,A G.O.P.,2025-10-25T02:35:31+00:00
us,BBC US & Canada,The $500m slugger who helped Canada get to the World Series,https://www.bbc.com/news/articles/cn09j4xw7jeo?at_medium=RSS&at_campaign=rss,"For the first time in 32 years, the Toronto Blue Jays are competing in the World Series, and they have Vladimir Guerrero Jr to thank.",2025-10-25T02:29:17+00:00
us,Google News (US Nation),Justice Department to monitor polling sites in six counties in California and New Jersey - CNN,https://news.google.com/rss/articles/CBMikAFBVV95cUxNbUFaYk8wajQyd3N3MVE0QlNjZWtYM3NOdkd2c3FDc1YyQlM2R2c2enlTNVo1SElXaEJqcXF4aDQ3cTEzTXpJRWg4ZXVrS2tsaTNaaTJDZDR6eGloRy10OThqRVgxeVlzQzRPU2tudmlnMDV1T3FZM0RrbmNVNnVkdjJTMHFtN3pfUWduNDRabUE?oc=5,Justice Department to monitor polling sites in six counties in California and New Jersey CNN Justice Department Will Monitor Elections in California and New Jersey The New York Times Newsom Says Trump Is ‚ÄòRigging the Election‚Äô With Federal Poll Monitors KQED Trump Administration To Monitor Voting in California and New Jersey Democracy Docket Trump officials to send election observers to California and New Jersey The Guardian Justice Department to monitor polling sites in six counties in California and New Jersey CNN Justice Department Will Monitor Elections in California and New Jersey The New York Times Newsom Says Trump Is ‚ÄòRigging the Election‚Äô With Federal Poll Monitors KQED Trump Administration To Monitor Voting in California and New Jersey Democracy Docket Trump officials to send election observers to California and New Jersey The Guardian,2025-10-25T02:27:00+00:00
world,Google News (US Top Stories),US beef prices are soaring. Will Trump's plans lower them? - BBC,https://news.google.com/rss/articles/CBMiWkFVX3lxTFBHS3lrVDh5VC1qUjJlNmtLLXBZUnRoZXZzaklDaTJoelpLMUV0WDhvT05UQzVUNFcwMDZZNk9pOHo4UkRaXzhmTGNYVDBjMnVHeUxQZHNTQUJxd9IBX0FVX3lxTE1jeXVkMkJtdUxDX1k1WGV6bk5vR0g0Uzh5MEdfRWZhUnFZSnhiUXZVNTFfWWM4Mm9VYzg1dlprakNvV0k5NVZaVGpEMFZKZ0d0TmV2Yjh5MEJwcEY0Q2ZV?oc=5,US beef prices are soaring.,2025-10-25T02:16:06+00:00
world,BBC World,Venezuela's Maduro says US 'fabricating war' as it deploys world's largest warship,https://www.bbc.com/news/articles/c891gzx7xn4o?at_medium=RSS&at_campaign=rss,The deployment of the USS Gerald R Ford marks a major escalation in what the US says is a campaign to target drug traffickers.,2025-10-25T02:16:00+00:00
world,NYT Home/Top,U.S. Details How Mob and Ex-NBA Players Lured High Rollers Into Poker Trap,https://www.nytimes.com/2025/10/24/nyregion/nba-mafia-rigged-poker-games.html,A Manhattan apartment was at the center of a Mafia-run ring that used former N.B.A.,2025-10-25T01:54:28+00:00
us,Google News (US Nation),Federal appeals court temporarily bars Portland troop deployment - Oregon Public Broadcasting - OPB,https://news.google.com/rss/articles/CBMisAFBVV95cUxNdkVQTnVoWHd1Y0g0cG9iazhwVUNRMTFMSkFiN0d4ZjJGVzZkR25mRFI1VVNrMTI2ZTh1RW1kT3doMklmN0ZMRjItbVVoTUVfVHNYakFWMWRRQ2ttM3J1Q1B6U0lkbEhuOU1iRWRUbU9RMk5yVS1JQkVEdzBfcWlueWkzMG9yS044WGFLdXh2cnBLMnY3VnA0dnlZREREYld2dmxaajhQUHc2dmlhSllmUg?oc=5,Federal appeals court temporarily bars Portland troop deployment Oregon Public Broadcasting - OPB ‚ÄòFriends and neighbors‚Äô: Oregon Guard chief describes who Portland‚Äôs deployed troops really are KGW 9th Circuit pauses troop deployments to Portland until Tuesday KPTV Portland judge rejects Trump request to allow national guard deployment The Guardian Troop deployment to Portland delayed as appeals court considers review KATU Federal appeals court temporarily bars Portland troop deployment Oregon Public Broadcasting - OPB ‚ÄòFriends and neighbors‚Äô: Oregon Guard chief describes who Portland‚Äôs deployed troops really are KGW 9th Circuit pauses troop deployments to Portland until Tuesday KPTV Portland judge rejects Trump request to allow national guard deployment The Guardian Troop deployment to Portland delayed as appeals court considers review KATU,2025-10-25T01:37:55+00:00
us,Google News (US Nation),Bannon Claims ‚ÄòThere Is a Plan‚Äô for Trump to Run for a Third Term - The New York Times,https://news.google.com/rss/articles/CBMijgFBVV95cUxQeEQ2RXZ2MTQ1aUNoQ2ctUUtWSDBkaFJsc2JYVlpSRXhYU2Q3ZGk3bm0wRC1uT2ROTU1YZGdCdDllbi02ZHg4dVZKRzJJZUlwLVJieE5oLW5kUXRnMm1hWklwR2dSV002c0VQODBBTXpWSkxDaktoVlBkNi1jcENmSHE4T21aNVEyMXFrRWhn?oc=5,Bannon Claims ‚ÄòThere Is a Plan‚Äô for Trump to Run for a Third Term The New York Times Steve Bannon says ‚Äòthere is a plan‚Äô for Trump to be president in 2028: ‚ÄòWe had longer odds in 2016 and 2024‚Äô The Independent Trump will return to White House for 3rd term in 2028: Former aide Anadolu Ajansƒ± üëë Trump's Third Term?,2025-10-25T01:29:12+00:00
world,NYT Home/Top,Bannon Claims ‚ÄòThere Is a Plan‚Äô for Trump to Run for a Third Term,https://www.nytimes.com/2025/10/24/us/politics/president-trump-2028-steve-bannon.html,"The claim comes after months of President Trump toying with the idea, insisting that he is ‚Äúnot joking‚Äù about defying a constitutionally-mandated term limit.",2025-10-25T01:29:12+00:00
world,Google News (US Top Stories),Trump administration aims to auction offshore oil leases along U.S. coastlines that have been off-limits for decades - CBS News,https://news.google.com/rss/articles/CBMieEFVX3lxTE1odzhTZ3M2aUpnQkJGbk53dzRCNmFoREF6UHktQTI0QUg5eWtTdzlCRWJ0V0YxSUF3dm0xcVpZM1dHRHFxOFVoN3lqUGpTVHNYeWd2UWk0cEZLVmhGYnRST1pwMTZfRHZBM00wNm9tQXRJNU0zRnRzYtIBfkFVX3lxTE9saXBCOTFWbm1EZ3lrTVBGUXZqZElIbGtEZEZUa0hUYjZCN3AxbW9tdnBGaEpiVWRuSXR6dzJxNjVvTTJ1ZUdoOEpoMlVGMkNvUEdCMGFLclc4NlE0Q241M0VhQTgxN29VZkthdEFrbnFaS2cxOTJ0S0ZzLWJodw?oc=5,Trump administration aims to auction offshore oil leases along U.S.,2025-10-25T01:20:43+00:00
us,NYT U.S.,Jury Awards $42 Million in Death of Inmate at Private Jail in Louisiana,https://www.nytimes.com/2025/10/24/us/louisiana-prison-death-verdict.html,"Erie Moore, a retired millworker and father of three, died in 2015, a month after guards slammed him headfirst to the floor at the Richwood Correctional Center, lawyers for his family said.",2025-10-25T01:17:21+00:00
world,Google News (US Top Stories),"Shots fired, driver hurt and held after truck rams into Coast Guard base in California - AP News",https://news.google.com/rss/articles/CBMiswFBVV95cUxQX3NnV1FwLXkycTdKdUFrQlhzV3pHVWpSVC1sbzdSSHgwSFN4eFZxM20ySzF5RDJqT0I1VXRsNTBpNXNadUozdENtdEk0d0loMFExT24tVkJqNWp2ZzZ5ZVJ6elYtb3kyRVFJejN2ZlBIRC00amFqYU5ncWxaTlBxSmJRTkhYSl92eTQ0aTFlNk9xbUhIZEVpS1Ffb1hVbHQ3anFnb3Q0VlUxTjE5V1BFNzZfWQ?oc=5,"Shots fired, driver hurt and held after truck rams into Coast Guard base in California AP News 2 injured after shots fired at U-Haul truck backing into US Coast Guard base in Alameda amid protests over federal agents ABC7 San Francisco 2 People Shot at Protest Site Outside Coast Guard Base in California The New York Times WATCH: Noem warns National Guard could be deployed after truck-ramming incident in San Francisco PBS Coast Guard fires at U-Haul in Oakland amid immigration protest; driver in FBI custody KTVU Shots fired, driver hurt and held after truck rams into Coast Guard base in California AP News 2 injured after shots fired at U-Haul truck backing into US Coast Guard base in Alameda amid protests over federal agents ABC7 San Francisco 2 People Shot at Protest Site Outside Coast Guard Base in California The New York Times WATCH: Noem warns National Guard could be deployed after truck-ramming incident in San Francisco PBS Coast Guard fires at U-Haul in Oakland amid immigration protest; driver in FBI custody KTVU",2025-10-25T01:15:00+00:00
world,NYT Home/Top,Mamdani Says Rivals Are Pushing Hate as Mayor‚Äôs Race Enters Last Stretch,https://www.nytimes.com/2025/10/24/nyregion/mamdani-cuomo-muslim-mayor.html,"Zohran Mamdani‚Äôs opponents, Andrew Cuomo and Curtis Sliwa, denied accusations that they are stoking Islamophobia with their rhetoric and actions.",2025-10-25T01:12:18+00:00
world,Google News (US Top Stories),"With East Wing gone, questions now turn to Trump‚Äôs ballroom donors - The Washington Post",https://news.google.com/rss/articles/CBMilAFBVV95cUxPYXlHQUNsaF83TmFtSndabVBWaXdmLXpQbEgxdlhxWjF2VkRXUkhOOTBxaHRfVGZxZXIxenpHSFVaR3MyS2lCX2dMRDQ1dmQ4WlNJNGMyNjdPY0F2RDA2bVprYktGOGRhbEhMeHBYellQaGZfckdqam9CMWZ6d19uRmZhbE8zejdVQ09Zd1M1QnpUSmMz?oc=5,"With East Wing gone, questions now turn to Trump‚Äôs ballroom donors The Washington Post White House responds to reports Trump named new ballroom after himself Fox News ‚ÄòReal Time‚Äô: Bill Maher Calls White House ‚ÄúJust A Building‚Äù After Trump Demolishes East Wing Deadline Brooks and Atkins Stohr on the East Wing demolition PBS At least 2 historic magnolia trees, Kennedy Garden appear to have been removed to make way for Trump's White House ballroom ABC News - Breaking News, Latest News and Videos With East Wing gone, questions now turn to Trump‚Äôs ballroom donors The Washington Post White House responds to reports Trump named new ballroom after himself Fox News ‚ÄòReal Time‚Äô: Bill Maher Calls White House ‚ÄúJust A Building‚Äù After Trump Demolishes East Wing Deadline Brooks and Atkins Stohr on the East Wing demolition PBS At least 2 historic magnolia trees, Kennedy Garden appear to have been removed to make way for Trump's White House ballroom ABC News - Breaking News, Latest News and Videos",2025-10-25T01:10:01+00:00
world,Google News (US Top Stories),A Traders Guide to What to Expect Ahead of Trump‚Äôs Asia Trip and Xi Meeting - Bloomberg.com,https://news.google.com/rss/articles/CBMixAFBVV95cUxPYk43VlhtUTNLME5scm0xRjFqT0dWNzBudnVUcmJBWk16amIxTkJOWG9YUmZXZ0tXcUNQenREQlkyVk5IRW9PbWpHaTk2QVRyc0hlS0wxangwQmRFemMzaGZVYll6ci1vYWpadXltd0s2bkVqb2NJX2cyeTFPMFIteGw5cmZNajJXSzVTUEVtejB4b2RvaTVWTVBBY1JGdTlHRklGVU9IcWNFOTlvQ19FVFJaY2JJR2MwMmdKbnFWSGxqYXhR?oc=5,A Traders Guide to What to Expect Ahead of Trump‚Äôs Asia Trip and Xi Meeting Bloomberg.com ‚ÄòThrow of the iron dice‚Äô: Inside Trump‚Äôs most perilous foreign trip yet Politico Trump travels to Asia amid government shutdown dw.com Trump seeks trade deal with Xi during Asia trip Reuters Trump Leaves Behind a Reeling Washington to Chase a Deal With China The New York Times A Traders Guide to What to Expect Ahead of Trump‚Äôs Asia Trip and Xi Meeting Bloomberg.com ‚ÄòThrow of the iron dice‚Äô: Inside Trump‚Äôs most perilous foreign trip yet Politico Trump travels to Asia amid government shutdown dw.com Trump seeks trade deal with Xi during Asia trip Reuters Trump Leaves Behind a Reeling Washington to Chase a Deal With China The New York Times,2025-10-25T01:10:00+00:00
